fold,r2_score,r2_score_std,mean_squared_error,mean_squared_error_std,mean_absolute_error,mean_absolute_error_std
CV_MEAN,0.4302962064743042,0.023670126428016892,206.85887756347657,18.549072798580532,9.493687438964844,0.5228015527089376
fold_1,0.3947497606277466,,191.0189971923828,,8.846478462219238,
fold_2,0.40952324867248535,,236.7445068359375,,10.225202560424805,
fold_3,0.4434095025062561,,209.32069396972656,,9.576630592346191,
fold_4,0.4512041211128235,,183.8745574951172,,8.967486381530762,
fold_5,0.4525943994522095,,213.33563232421875,,9.852639198303223,
