fold,r2_score,r2_score_std,mean_squared_error,mean_squared_error_std,mean_absolute_error,mean_absolute_error_std
CV_MEAN,0.42782889571736693,0.017736761474847162,207.6156261624394,15.643442388021876,9.722290500601812,0.48349870728176353
fold_1,0.4217809368105315,,182.4878734158595,,8.917439532361339,
fold_2,0.44485590328048097,,222.57832271054352,,9.541232216480243,
fold_3,0.4081975060395099,,222.5631385052188,,10.235487233249808,
fold_4,0.41186167098088056,,197.05628527185576,,9.720751440158883,
fold_5,0.4524484614754315,,213.39251090871943,,10.196542080758782,
