fold,r2_score,r2_score_std,mean_squared_error,mean_squared_error_std,mean_absolute_error,mean_absolute_error_std
CV_MEAN,0.35058199167251586,0.032020997485822524,235.6087158203125,19.7275195352366,10.062599372863769,0.4473544838563053
fold_1,0.31868767738342285,,215.02444458007812,,9.64988899230957,
fold_2,0.3597555160522461,,256.6982727050781,,10.734179496765137,
fold_3,0.31114208698272705,,259.06341552734375,,10.444275856018066,
fold_4,0.36526358127593994,,212.6690216064453,,9.62304973602295,
fold_5,0.3980610966682434,,234.5884246826172,,9.861602783203125,
