fold,r2_score,r2_score_std,mean_squared_error,mean_squared_error_std,mean_absolute_error,mean_absolute_error_std
CV_MEAN,0.40493510037755076,0.013935434460658267,215.95576334470988,16.35657794176641,10.614846416382253,0.3104659618112292
fold_1,0.38518454781814826,,194.03781638225254,,10.19433447098976,
fold_2,0.4021645820671166,,239.69489249146756,,10.495802047781572,
fold_3,0.4218128765485517,,217.44271467576792,,10.66675767918089,
fold_4,0.39608543987568257,,202.34212593856657,,10.567679180887371,
fold_5,0.41942805557825447,,226.2612672354949,,11.149658703071673,
