fold,r2_score,r2_score_std,mean_squared_error,mean_squared_error_std,mean_absolute_error,mean_absolute_error_std
CV_MEAN,0.37025452852249147,0.024055528017793038,228.24478759765626,14.539244249499632,10.054314613342285,0.3343142095251127
fold_1,0.3350415825843811,,209.8631134033203,,9.45888614654541,
fold_2,0.39409327507019043,,242.93096923828125,,10.182126998901367,
fold_3,0.39962494373321533,,225.7870635986328,,10.1890869140625,
fold_4,0.3557540774345398,,215.85519409179688,,9.981568336486816,
fold_5,0.3667587637901306,,246.78759765625,,10.459904670715332,
