fold,precision_score,precision_score_std,accuracy_score,accuracy_score_std,f1_score,f1_score_std,recall_score,recall_score_std
CV_MEAN,0.803806116286115,0.02639631733767398,0.9331058020477816,0.005950715281284203,0.7882500586127672,0.020394033178328413,0.7768826897744698,0.02629246114745656
fold_1,0.7668463611859838,,0.9249146757679181,,0.775619604566973,,0.7852203975799481,
fold_2,0.7856267507002801,,0.9283276450511946,,0.7571152252003316,,0.7350187265917603,
fold_3,0.8433411606843342,,0.9419795221843004,,0.8107019344050469,,0.7850181008075745,
fold_4,0.8044474393530998,,0.9351535836177475,,0.809381955144667,,0.8145363408521302,
fold_5,0.8187688695068769,,0.9351535836177475,,0.7884315737468172,,0.7646198830409356,
