fold,f1_score,f1_score_std,accuracy_score,accuracy_score_std,precision_score,precision_score_std,recall_score,recall_score_std
CV_MEAN,0.7810134251274119,0.042933843335387925,0.9344709897610921,0.011298938810407385,0.8139007161068417,0.04270363075881329,0.7573732299634133,0.045361732193744626
fold_1,0.8348631239935588,,0.9522184300341296,,0.8816849816849817,,0.8002016709881878,
fold_2,0.7169082125603865,,0.9180887372013652,,0.7475274725274725,,0.6946845289541919,
fold_3,0.7472581638940234,,0.9283276450511946,,0.806060606060606,,0.7109440267335003,
fold_4,0.8100691443388073,,0.9385665529010239,,0.8213432835820895,,0.7997772208298524,
fold_5,0.795968480850284,,0.9351535836177475,,0.8128872366790583,,0.7812587023113339,
