fold,f1_score,f1_score_std,accuracy_score,accuracy_score_std,precision_score,precision_score_std,recall_score,recall_score_std
CV_MEAN,0.7838639303218814,0.020931615682275966,0.9365187713310579,0.00409556313993175,0.8268972181078645,0.01946900836709386,0.7550294275013375,0.028300010740563413
fold_1,0.795771375464684,,0.9385665529010239,,0.8206138879570614,,0.7753529242293287,
fold_2,0.7435224089635855,,0.931740614334471,,0.8166741877256318,,0.7021751656583117,
fold_3,0.7876811594202899,,0.9385665529010239,,0.8446984248943527,,0.7498607630186578,
fold_4,0.788965715932008,,0.931740614334471,,0.7994776119402985,,0.7793790030632135,
fold_5,0.8033789918288399,,0.9419795221843004,,0.8530219780219781,,0.7683792815371763,
