fold,precision_score,precision_score_std,accuracy_score,accuracy_score_std,f1_score,f1_score_std,recall_score,recall_score_std
CV_MEAN,0.7894499778778219,0.023053735274667097,0.9303754266211606,0.007960343883747839,0.7867338220465603,0.028191398427726035,0.7853608139237944,0.0364805476454193
fold_1,0.7960415967796042,,0.931740614334471,,0.7730793060718711,,0.7542494958225295,
fold_2,0.7678622875252088,,0.9249146757679181,,0.7678622875252088,,0.7678622875252088,
fold_3,0.7776119402985074,,0.9249146757679181,,0.7678622875252088,,0.7589807852965748,
fold_4,0.8315700104493209,,0.9453924914675768,,0.8420485175202157,,0.8534530771372877,
fold_5,0.7741640543364681,,0.9249146757679181,,0.7828167115902964,,0.7922584238373712,
