fold,f1_score,f1_score_std,recall_score,recall_score_std,accuracy_score,accuracy_score_std,precision_score,precision_score_std
CV_MEAN,0.7938109306214451,0.02234049587681893,0.7873815552999468,0.02927861568709321,0.9337883959044369,0.005108064691841554,0.801813668648571,0.017694384677857156
fold_1,0.8100691443388073,,0.8100691443388073,,0.9385665529010239,,0.8100691443388073,
fold_2,0.7503872366790583,,0.7331460674157304,,0.9249146757679181,,0.7714693056021469,
fold_3,0.8100691443388073,,0.7997772208298524,,0.9385665529010239,,0.8213432835820895,
fold_4,0.8025606469002695,,0.81265664160401,,0.931740614334471,,0.7932993730407524,
fold_5,0.795968480850284,,0.7812587023113339,,0.9351535836177475,,0.8128872366790583,
