fold,precision_score,precision_score_std,accuracy_score,accuracy_score_std,f1_score,f1_score_std,recall_score,recall_score_std
CV_MEAN,0.7796423762106137,0.011671277168385345,0.9262798634812288,0.0034805593949438674,0.7688001731163248,0.009600689688509655,0.7600985441612289,0.016747979450154268
fold_1,0.7668463611859838,,0.9249146757679181,,0.775619604566973,,0.7852203975799481,
fold_2,0.7920539033457249,,0.931740614334471,,0.7813432835820895,,0.7716076058772687,
fold_3,0.7776119402985074,,0.9249146757679181,,0.7678622875252088,,0.7589807852965748,
fold_4,0.7675030978934325,,0.9215017064846417,,0.753014476818765,,0.7404622667780563,
fold_5,0.7941965783294196,,0.9283276450511946,,0.7661612130885873,,0.7442216652742968,
