fold,f1_score,f1_score_std,accuracy_score,accuracy_score_std,precision_score,precision_score_std,recall_score,recall_score_std
CV_MEAN,0.7400277209077819,0.021164622453252232,0.9372013651877132,0.002730375426621151,0.905743883866392,0.0336658248492541,0.681328597591164,0.02448321190365958
fold_1,0.777086596554039,,0.9419795221843004,,0.8748201438848922,,0.7251512532411408,
fold_2,0.7113300492610838,,0.9351535836177475,,0.9127543035993739,,0.6519734946701239,
fold_3,0.7336363636363636,,0.9385665529010239,,0.9683098591549295,,0.6666666666666666,
fold_4,0.7390427975437116,,0.9351535836177475,,0.886417556346382,,0.6814257866889446,
fold_5,0.7390427975437116,,0.9351535836177475,,0.886417556346382,,0.6814257866889446,
