fold,precision_score,precision_score_std,accuracy_score,accuracy_score_std,f1_score,f1_score_std,recall_score,recall_score_std
CV_MEAN,0.7792544852202292,0.02583394083021178,0.9262798634812286,0.007960343883747875,0.7755480172390297,0.01740802507625189,0.7735520497199977,0.017864960268385823
fold_1,0.7978975215817321,,0.9351535836177475,,0.8029310772062728,,0.8081964851627773,
fold_2,0.7678622875252088,,0.9249146757679181,,0.7678622875252088,,0.7678622875252088,
fold_3,0.7659896283491789,,0.9215017064846417,,0.7614428829339092,,0.7571010860484545,
fold_4,0.8187688695068769,,0.9351535836177475,,0.7884315737468172,,0.7646198830409356,
fold_5,0.7457541191381496,,0.9146757679180887,,0.7570722647829403,,0.769980506822612,
