fold,accuracy_score,accuracy_score_std,recall_score,recall_score_std,f1_score,f1_score_std,precision_score,precision_score_std
CV_MEAN,0.9358361774744026,0.005460750853242313,0.7749077870899278,0.03593796920905057,0.7916401246574242,0.024945789474898037,0.8152814214081335,0.019243788365392447
fold_1,0.9385665529010239,,0.792711034284068,,0.8032089552238806,,0.8147459727385378,
fold_2,0.931740614334471,,0.719533275713051,,0.7542770882254277,,0.8078787878787879,
fold_3,0.931740614334471,,0.7461013645224172,,0.7730793060718711,,0.8094362745098038,
fold_4,0.931740614334471,,0.81265664160401,,0.8025606469002695,,0.7932993730407524,
fold_5,0.9453924914675768,,0.803536619326093,,0.8250746268656717,,0.8510466988727858,
