fold,f1_score,f1_score_std,accuracy_score,accuracy_score_std,precision_score,precision_score_std,recall_score,recall_score_std
CV_MEAN,0.765078008769141,0.04378425096360765,0.9378839590443686,0.007901595155488177,0.8558610894227436,0.024624621724391522,0.7187429223206869,0.045410812600075096
fold_1,0.8034216705803421,,0.9453924914675768,,0.8670707070707071,,0.7617401325266493,
fold_2,0.7115736183377865,,0.9283276450511946,,0.8157967032967033,,0.6655862863728033,
fold_3,0.7115736183377865,,0.9283276450511946,,0.8429715302491103,,0.6610275689223057,
fold_4,0.7953994660094476,,0.9419795221843004,,0.8652525252525253,,0.751740462266778,
fold_5,0.8034216705803421,,0.9453924914675768,,0.8882139812446718,,0.7536201615148983,
