fold,f1_score,f1_score_std,accuracy_score,accuracy_score_std,precision_score,precision_score_std,recall_score,recall_score_std
CV_MEAN,0.7365893979978901,0.026079356273362282,0.926962457337884,0.003480559394943867,0.7971416594964273,0.019652343381669494,0.7026105911085213,0.03264918362535891
fold_1,0.7571152252003316,,0.9283276450511946,,0.7856267507002801,,0.7350187265917603,
fold_2,0.6984112776907586,,0.9215017064846417,,0.7694244604316547,,0.6618409680207433,
fold_3,0.7246363839785187,,0.9283276450511946,,0.8266769073220686,,0.677666388192704,
fold_4,0.7297047970479704,,0.9249146757679181,,0.7945439045183291,,0.6924255082149818,
fold_5,0.7730793060718711,,0.931740614334471,,0.8094362745098038,,0.7461013645224172,
