fold,mean_absolute_error,mean_absolute_error_std,r2_score,r2_score_std,mean_squared_error,mean_squared_error_std
CV_MEAN,15.733102607727051,1.0029465690380375,0.2923074424266815,0.07140967453163441,2017.1155029296874,164.21513038777383
fold_1,17.707122802734375,,0.18262064456939697,,2331.408447265625,
fold_2,15.213312149047852,,0.2471584677696228,,1959.5322265625,
fold_3,15.391658782958984,,0.3249843716621399,,1982.81787109375,
fold_4,14.924875259399414,,0.3153217136859894,,1847.483154296875,
fold_5,15.428544044494629,,0.39145201444625854,,1964.3358154296875,
