fold,mean_squared_error,mean_squared_error_std,mean_absolute_error,mean_absolute_error_std,r2_score,r2_score_std
CV_MEAN,2561.25888671875,115.23210817737399,17.993373107910156,0.6059321101491462,0.14970157593488692,0.03861427274316565
fold_1,2675.717529296875,,18.941720962524414,,0.13678815960884094,
fold_2,2683.468994140625,,17.984424591064453,,0.11909696459770203,
fold_3,2368.8544921875,,17.135242462158203,,0.18922898173332214,
fold_4,2552.48681640625,,18.266294479370117,,0.10280141979455948,
fold_5,2525.7666015625,,17.639183044433594,,0.20059235394001007,
