fold,mean_absolute_error,mean_absolute_error_std,r2_score,r2_score_std,mean_squared_error,mean_squared_error_std
CV_MEAN,17.214708399150247,1.1446146363399685,0.3986727594765139,0.0362555878270327,2365.3348310267747,237.2169509327304
fold_1,18.335203866906475,,0.3631769996296269,,2724.4297053550295,
fold_2,15.024293282374101,,0.4583705320504806,,2033.955904698367,
fold_3,17.74387868705036,,0.41705515491965417,,2428.358837027529,
fold_4,17.296590742753622,,0.36150704200927036,,2188.607721545373,
fold_5,17.67357541666667,,0.3932540687735375,,2451.321986507575,
