fold,mean_absolute_error,mean_absolute_error_std,r2_score,r2_score_std,mean_squared_error,mean_squared_error_std
CV_MEAN,15.029908500719483,1.2261637120750672,0.5395406876212543,0.023677197637135435,2126.1290523652347,259.2399132578255
fold_1,16.040530033645332,,0.5304173186295928,,2423.315378230557,
fold_2,12.950520972403089,,0.5843037153100448,,1744.2980241092969,
fold_3,16.477974693763112,,0.5312379581667531,,2392.079790164136,
fold_4,14.881178133757176,,0.5141783193849886,,1949.6090371131606,
fold_5,14.79933867002871,,0.5375661266148922,,2121.3430322090226,
