fold,mean_absolute_error,mean_absolute_error_std,r2_score,r2_score_std,mean_squared_error,mean_squared_error_std
CV_MEAN,16.179684768736305,1.206495160501358,0.4289879198043495,0.050791739183372465,2529.6472094849278,334.4416056960028
fold_1,17.77556420706147,,0.4222697058926866,,3146.659274993395,
fold_2,14.142889783920841,,0.49892867611578534,,2188.191714500307,
fold_3,16.60464844976019,,0.43758596396522154,,2576.979178211342,
fold_4,16.63602802216328,,0.3415551296686227,,2429.8120885768662,
fold_5,15.739293380775745,,0.44460012337943167,,2306.5937911427277,
