fold,precision_score,precision_score_std,accuracy_score,accuracy_score_std,f1_score,f1_score_std,recall_score,recall_score_std
CV_MEAN,0.7851564989237996,0.026916607327666337,0.9276450511945391,0.007901595155488217,0.7718440230757041,0.020995036891104282,0.760707973718027,0.01797769610867244
fold_1,0.8147459727385378,,0.9385665529010239,,0.8032089552238806,,0.792711034284068,
fold_2,0.7367028682818156,,0.9146757679180887,,0.7406987857977274,,0.7448861999423797,
fold_3,0.7901951672862453,,0.9283276450511946,,0.7744914788345245,,0.7608604845446951,
fold_4,0.8038647342995169,,0.931740614334471,,0.7813432835820895,,0.7627401837928154,
fold_5,0.7802737520128824,,0.9249146757679181,,0.7594776119402986,,0.7423419660261765,
