fold,precision_score,precision_score_std,accuracy_score,accuracy_score_std,f1_score,f1_score_std,recall_score,recall_score_std
CV_MEAN,0.7656880264996916,0.011887611731119114,0.922184300341297,0.003980171941873935,0.7589329471282522,0.016117879764273372,0.7546618153951093,0.028153109149403853
fold_1,0.7760579937304075,,0.9283276450511946,,0.7893168977914741,,0.8044511668107174,
fold_2,0.7571010860484545,,0.9215017064846417,,0.7614428829339092,,0.7659896283491789,
fold_3,0.7837885154061625,,0.9249146757679181,,0.7503872366790583,,0.7257031467557783,
fold_4,0.7557462686567165,,0.9180887372013652,,0.7467588591184097,,0.738582567529936,
fold_5,0.7557462686567165,,0.9180887372013652,,0.7467588591184097,,0.738582567529936,
