fold,accuracy_score,accuracy_score_std,recall_score,recall_score_std,f1_score,f1_score_std,precision_score,precision_score_std
CV_MEAN,0.9337883959044369,0.00702773388463275,0.750204944320852,0.032154092124014315,0.7764665842479734,0.029777751710039962,0.8136474169473749,0.031460829807708514
fold_1,0.931740614334471,,0.7716076058772687,,0.7813432835820895,,0.7920539033457249,
fold_2,0.9215017064846417,,0.6965571881302218,,0.7231875128363113,,0.7621014214368037,
fold_3,0.9351535836177475,,0.7313422445001392,,0.7713288149517354,,0.8356565656565657,
fold_4,0.9419795221843004,,0.7850181008075745,,0.8107019344050469,,0.8433411606843342,
fold_5,0.9385665529010239,,0.7664995822890559,,0.795771375464684,,0.8350840336134454,
