fold,accuracy_score,accuracy_score_std,recall_score,recall_score_std,f1_score,f1_score_std,precision_score,precision_score_std
CV_MEAN,0.9269624573378842,0.003480559394943867,0.7734992311278533,0.017661203102840785,0.7761965697234299,0.01251219178939812,0.7797457138620145,0.012698985344756828
fold_1,0.9215017064846417,,0.7486315182944396,,0.753014476818765,,0.7576119402985075,
fold_2,0.931740614334471,,0.7716076058772687,,0.7813432835820895,,0.7920539033457249,
fold_3,0.9283276450511946,,0.7608604845446951,,0.7744914788345245,,0.7901951672862453,
fold_4,0.9249146757679181,,0.7922584238373712,,0.7828167115902964,,0.7741640543364681,
fold_5,0.9283276450511946,,0.7941381230854916,,0.7893168977914741,,0.7847035040431267,
