fold,accuracy_score,accuracy_score_std,recall_score,recall_score_std,f1_score,f1_score_std,precision_score,precision_score_std
CV_MEAN,0.9317406143344711,0.005710989942212099,0.7224493818816704,0.04000450357577317,0.7565254538945638,0.031415149661155405,0.8154357150324458,0.020574970222106224
fold_1,0.9351535836177475,,0.7734802650532988,,0.7884315737468172,,0.8057165861513688,
fold_2,0.931740614334471,,0.7021751656583117,,0.7435224089635855,,0.8166741877256318,
fold_3,0.931740614334471,,0.6961849067112225,,0.7435224089635855,,0.8378896882494005,
fold_4,0.9385665529010239,,0.7664995822890559,,0.795771375464684,,0.8350840336134454,
fold_5,0.9215017064846417,,0.6739069896964633,,0.711379502334147,,0.7818140794223827,
