fold,accuracy_score,accuracy_score_std,recall_score,recall_score_std,f1_score,f1_score_std,precision_score,precision_score_std
CV_MEAN,0.9351535836177474,0.008899935024167444,0.7982619927327201,0.04421388384307109,0.8001770117787068,0.03460513377143644,0.8038836685784816,0.027402686377116427
fold_1,0.931740614334471,,0.8063238259867473,,0.7960178223336118,,0.7865902964959568,
fold_2,0.9283276450511946,,0.7523768366464996,,0.7661612130885873,,0.7821256038647344,
fold_3,0.9249146757679181,,0.7423419660261765,,0.7594776119402986,,0.7802737520128824,
fold_4,0.9419795221843004,,0.8515733778891673,,0.8348091400523994,,0.8200253485424588,
fold_5,0.9488054607508533,,0.8386939571150098,,0.8444192714786364,,0.8504033419763757,
