fold,accuracy_score,accuracy_score_std,precision_score,precision_score_std,recall_score,recall_score_std,f1_score,f1_score_std
CV_MEAN,0.5918088737201366,0.01937893456188175,0.5732434401741158,0.022161019289101594,0.5572766062574183,0.013910649373424875,0.5624863744012691,0.01711079294546378
fold_1,0.6075085324232082,,0.5971288334168198,,0.5737266325628395,,0.5814940912055229,
fold_2,0.5631399317406144,,0.5382450268512216,,0.547251168371858,,0.5398205015158954,
fold_3,0.5802047781569966,,0.5795694576953947,,0.568006993006993,,0.5731431881867146,
fold_4,0.6177474402730375,,0.5930822379507921,,0.5616244866244866,,0.5740004195779048,
fold_5,0.590443686006826,,0.5581916449563509,,0.5357737507209142,,0.5439736715203074,
