fold,accuracy_score,accuracy_score_std,precision_score,precision_score_std,recall_score,recall_score_std,f1_score,f1_score_std
CV_MEAN,0.61160409556314,0.014055467769265539,0.6049723276654683,0.016341795813899145,0.5524924638147664,0.014495947244755053,0.5652634186501329,0.018961670183222718
fold_1,0.6348122866894198,,0.6194805481874448,,0.5761249526335732,,0.5904736337127108,
fold_2,0.6006825938566553,,0.597655258275559,,0.5522072754831375,,0.5661107981354575,
fold_3,0.5938566552901023,,0.6286547911547912,,0.5464979464979465,,0.5737992493159976,
fold_4,0.6143344709897611,,0.5936461388074291,,0.5561771561771561,,0.5636229946524064,
fold_5,0.6143344709897611,,0.585424901902117,,0.5314549882820183,,0.5323104174340922,
