fold,accuracy_score,accuracy_score_std,precision_score,precision_score_std,recall_score,recall_score_std,f1_score,f1_score_std
CV_MEAN,0.6061433447098976,0.025228284795326076,0.5890394066220188,0.039079589743275536,0.553756692572043,0.03483274325112962,0.564684451170239,0.03795762549207264
fold_1,0.6450511945392492,,0.6613189799331104,,0.6170337564734116,,0.6351825621952476,
fold_2,0.621160409556314,,0.5932073208336154,,0.5585456928129342,,0.5708812256589944,
fold_3,0.5733788395904437,,0.549796635134935,,0.5129731379731379,,0.5266214177978884,
fold_4,0.5870307167235495,,0.5614294716832993,,0.5386641136641136,,0.5448593672749821,
fold_5,0.6040955631399317,,0.579444625525134,,0.5415667619366173,,0.5458776829240827,
