fold,accuracy_score,accuracy_score_std,precision_score,precision_score_std,recall_score,recall_score_std,f1_score,f1_score_std
CV_MEAN,0.590443686006826,0.016720066503639417,0.5724103430863017,0.0168024930948552,0.5431618606952311,0.010730189627365817,0.5532311700760626,0.0126480794275645
fold_1,0.6109215017064846,,0.6027615144418423,,0.5610000631552355,,0.5762360499755458,
fold_2,0.590443686006826,,0.5636304616964097,,0.5375299987368953,,0.5463595907827195,
fold_3,0.5631399317406144,,0.5543545932484782,,0.5288739038739039,,0.5383399164359917,
fold_4,0.5836177474402731,,0.5770223978919631,,0.5410839160839161,,0.5519372091703552,
fold_5,0.6040955631399317,,0.5642827481528152,,0.5473214216262048,,0.5532830840157017,
