fold,accuracy_score,accuracy_score_std,precision_score,precision_score_std,recall_score,recall_score_std,f1_score,f1_score_std
CV_MEAN,0.6109215017064846,0.025172817630833816,0.590520963519988,0.04183774222440471,0.5451592320669072,0.030644074824517826,0.5573362999564815,0.03641314228478127
fold_1,0.6484641638225256,,0.6643831289170429,,0.5954441391941392,,0.6194808340381754,
fold_2,0.6279863481228669,,0.6054473408796717,,0.5595198623215865,,0.5729678281337935,
fold_3,0.5767918088737202,,0.5743873135030937,,0.5084609834609835,,0.5280755928853755,
fold_4,0.5938566552901023,,0.5635183702740114,,0.5417499167499167,,0.5487348997467724,
fold_5,0.6075085324232082,,0.54486866402612,,0.5206212586079104,,0.5174223449782905,
