fold,r2_score,r2_score_std,mean_squared_error,mean_squared_error_std,mean_absolute_error,mean_absolute_error_std
CV_MEAN,0.3399663269519806,0.039000129644109066,112.95124053955078,7.024516953437085,6.587634944915772,0.2977211935981326
fold_1,0.2651924788951874,,108.70523071289062,,6.3497724533081055,
fold_2,0.3591462969779968,,121.86341857910156,,6.970763206481934,
fold_3,0.37736448645591736,,112.63751220703125,,6.538629055023193,
fold_4,0.34266549348831177,,102.41758728027344,,6.198338508605957,
fold_5,0.3554628789424896,,119.13245391845703,,6.880671501159668,
