fold,r2_score,r2_score_std,mean_squared_error,mean_squared_error_std,mean_absolute_error,mean_absolute_error_std
CV_MEAN,0.36485655274519735,0.02581142296666913,110.60592489085124,3.8499678592747135,6.937261158578201,0.1789623875950395
fold_1,0.3268894761448186,,105.32340388749958,,6.687358510693212,
fold_2,0.3920807914608305,,112.04928853278923,,7.0008093786677,
fold_3,0.39222286647473004,,112.25329148669579,,7.0012287529274415,
fold_4,0.34511230423080463,,107.28553531043421,,6.795887488210669,
fold_5,0.36797732541480316,,116.11810523683732,,7.201021662391977,
