fold,r2_score,r2_score_std,mean_squared_error,mean_squared_error_std,mean_absolute_error,mean_absolute_error_std
CV_MEAN,0.2719457566738129,0.052971700069290445,127.65934143066406,7.140838536554906,7.299378871917725,0.3364793642397712
fold_1,0.16734087467193604,,127.38198852539062,,7.158760070800781,
fold_2,0.2866101562976837,,135.0942840576172,,7.613491535186768,
fold_3,0.3113541305065155,,130.4925079345703,,7.357704162597656,
fold_4,0.30184927582740784,,114.24766540527344,,6.7266435623168945,
fold_5,0.29257434606552124,,131.08026123046875,,7.640295028686523,
