fold,r2_score,r2_score_std,mean_squared_error,mean_squared_error_std,mean_absolute_error,mean_absolute_error_std
CV_MEAN,0.33029608346434014,0.004421871083474229,116.5200838225256,7.336363837607909,7.754675767918089,0.30056512157117177
fold_1,0.3248152972055111,,105.12005034129695,,7.28561433447099,
fold_2,0.3294106081563834,,125.00004999999997,,7.930017064846413,
fold_3,0.3376065310229392,,118.04635358361779,,7.858600682593858,
fold_4,0.3272692646751475,,111.56279180887377,,7.556211604095564,
fold_5,0.3323787162617197,,122.87117337883961,,8.142935153583617,
