fold,r2_score,r2_score_std,mean_squared_error,mean_squared_error_std,mean_absolute_error,mean_absolute_error_std
CV_MEAN,0.2910634994506836,0.04292693661230182,122.43830108642578,7.441471882227822,7.267634105682373,0.16436751527347707
fold_1,0.2487824261188507,,110.94292449951172,,6.9488935470581055,
fold_2,0.28839510679244995,,133.45152282714844,,7.361421585083008,
fold_3,0.3407469391822815,,120.84747314453125,,7.305203437805176,
fold_4,0.23900169134140015,,126.53775024414062,,7.414823532104492,
fold_5,0.33839133381843567,,120.41183471679688,,7.307828426361084,
