fold,precision_score,precision_score_std,accuracy_score,accuracy_score_std,f1_score,f1_score_std,recall_score,recall_score_std
CV_MEAN,0.7738063692433288,0.008878443575224484,0.9242320819112628,0.00255403234592077,0.7599908269615453,0.02259689564176159,0.7524618710899018,0.039929427200051826
fold_1,0.7760579937304075,,0.9283276450511946,,0.7893168977914741,,0.8044511668107174,
fold_2,0.7571010860484545,,0.9215017064846417,,0.7614428829339092,,0.7659896283491789,
fold_3,0.7764646464646465,,0.9215017064846417,,0.7231875128363113,,0.6905458089668616,
fold_4,0.775619604566973,,0.9249146757679181,,0.775619604566973,,0.775619604566973,
fold_5,0.7837885154061625,,0.9249146757679181,,0.7503872366790583,,0.7257031467557783,
