fold,precision_score,precision_score_std,accuracy_score,accuracy_score_std,f1_score,f1_score_std,recall_score,recall_score_std
CV_MEAN,0.7777217481071651,0.01872177501107229,0.9249146757679181,0.004826667448372331,0.7567562484124422,0.01965856166432591,0.7419899624216597,0.030376830932285864
fold_1,0.8078787878787879,,0.931740614334471,,0.7542770882254277,,0.719533275713051,
fold_2,0.7576119402985075,,0.9215017064846417,,0.753014476818765,,0.7486315182944396,
fold_3,0.758140756302521,,0.9180887372013652,,0.7276951672862453,,0.7053049289891395,
fold_4,0.7847035040431267,,0.9283276450511946,,0.7893168977914741,,0.7941381230854916,
fold_5,0.7802737520128824,,0.9249146757679181,,0.7594776119402986,,0.7423419660261765,
