fold,precision_score,precision_score_std,accuracy_score,accuracy_score_std,f1_score,f1_score_std,recall_score,recall_score_std
CV_MEAN,0.7758744466887428,0.05150787764263203,0.9235494880546076,0.014892439746942971,0.752879957704814,0.039101418637240856,0.7350070894127665,0.031262877553003755
fold_1,0.836922268907563,,0.9419795221843004,,0.8033789918288399,,0.7772255834053586,
fold_2,0.7821256038647344,,0.9283276450511946,,0.7661612130885873,,0.7523768366464996,
fold_3,0.7120149253731343,,0.9044368600682594,,0.7045520023048113,,0.6977861319966583,
fold_4,0.8261904761904761,,0.9351535836177475,,0.7802471085145857,,0.7479810637705374,
fold_5,0.7221189591078068,,0.9078498293515358,,0.7100604727872457,,0.6996658312447785,
