fold,accuracy_score,accuracy_score_std,recall_score,recall_score_std,f1_score,f1_score_std,precision_score,precision_score_std
CV_MEAN,0.9290102389078498,0.0050160199510918225,0.7646437591144866,0.006840254759121876,0.775983330180332,0.008985300516175201,0.790279178240285,0.021656981373679066
fold_1,0.9215017064846417,,0.7659896283491789,,0.7614428829339092,,0.7571010860484545,
fold_2,0.931740614334471,,0.7542494958225295,,0.7730793060718711,,0.7960415967796042,
fold_3,0.931740614334471,,0.7627401837928154,,0.7813432835820895,,0.8038647342995169,
fold_4,0.9249146757679181,,0.775619604566973,,0.775619604566973,,0.775619604566973,
fold_5,0.9351535836177475,,0.7646198830409356,,0.7884315737468172,,0.8187688695068769,
