augmentation,accuracy_score,accuracy_score_mean,accuracy_score_std,f1_score,f1_score_mean,f1_score_std,precision_score,precision_score_mean,precision_score_std,recall_score,recall_score_mean,recall_score_std
borderline_smote_augmentation,0.9358361774744027,0.9358361774744026,0.005460750853242313,0.7916401246574242,0.7916401246574242,0.024945789474898037,0.8152814214081335,0.8152814214081335,0.019243788365392447,0.7749077870899278,0.7749077870899278,0.03593796920905057
kmeans_smote_augmentation,0.9337883959044369,0.9337883959044369,0.00702773388463275,0.7764665842479734,0.7764665842479734,0.029777751710039962,0.8136474169473746,0.8136474169473749,0.031460829807708514,0.750204944320852,0.750204944320852,0.032154092124014315
none_augmentation,0.926962457337884,0.926962457337884,0.003480559394943867,0.7365893979978901,0.7365893979978901,0.026079356273362282,0.7971416594964273,0.7971416594964273,0.019652343381669494,0.7026105911085213,0.7026105911085213,0.03264918362535891
svm_smote_augmentation,0.926962457337884,0.9269624573378842,0.003480559394943867,0.7761965697234299,0.7761965697234299,0.01251219178939812,0.7797457138620145,0.7797457138620145,0.012698985344756828,0.7734992311278532,0.7734992311278533,0.017661203102840785
