f1_score,recall_score,precision_score,accuracy_score,model
0.7596128215380514,0.756500987491771,0.7629048582995952,0.8469055374592834,mlp_classifier
0.774007809756696,0.7666556945358789,0.7823385902239262,0.8583061889250815,deep_mlp_classifier
0.7644868556459912,0.7356155365371955,0.8152748414376321,0.8664495114006515,random_forest_classifier
0.7662494428762443,0.7386273864384463,0.8132345316280678,0.8664495114006515,xgboost_classifier
0.7662494428762443,0.7386273864384463,0.8132345316280678,0.8664495114006515,lightgbm_classifier
