mean_squared_error,mean_absolute_error,r2_score,model
2251.6952518441312,13.894438562751677,-0.08086342901714248,mlp_regressor
3356.5683637052584,19.4029960939821,-0.17706165842391602,deep_mlp_regressor
2679.9959812686643,14.170260159638557,0.24946681435939005,random_forest_regressor
2822.0697034936748,12.905021566765804,0.1656750604729988,xgboost_regressor
2491.646117202713,11.74975786590218,0.3248513046390806,lightgbm_regressor
