mean_squared_error,mean_absolute_error,r2_score,model
4540.916213102872,25.07432126635051,-0.5804703650068878,mlp_regressor
5206.609523973923,28.436742604097333,-0.8987826458163162,deep_mlp_regressor
3934.4626248979616,23.927084745879124,-0.04664042286966877,random_forest_regressor
5001.886971643179,24.58960757400532,-0.04958165672553776,xgboost_regressor
3775.9591010191225,21.651997981015978,0.13072300508236107,lightgbm_regressor
