mean_squared_error,mean_absolute_error,r2_score,model
194.38851928710938,10.034595489501953,0.059149354696273804,mlp_regressor
174.94866943359375,9.289755821228027,0.1590573489665985,deep_mlp_regressor
165.6749839576548,9.854047231270357,0.20704329750020506,random_forest_regressor
175.03675842285156,9.417814254760742,0.1478446125984192,xgboost_regressor
172.78213971674427,9.356990274751759,0.17713412107747956,lightgbm_regressor
