mean_squared_error,mean_absolute_error,r2_score,model
68.30921173095703,5.542496681213379,0.409457802772522,mlp_regressor
60.34394836425781,5.037808418273926,0.500707745552063,deep_mlp_regressor
69.47780439297128,5.9337619808306705,0.4050492918883251,random_forest_regressor
74.97378540039062,5.246501922607422,0.3797488212585449,xgboost_regressor
61.47174103208995,5.001844587732856,0.4891954078882091,lightgbm_regressor
