mean_squared_error,mean_absolute_error,r2_score,model
369.77020263671875,14.114605903625488,0.2004358172416687,mlp_regressor
337.1389465332031,13.332788467407227,0.27099525928497314,deep_mlp_regressor
337.9534747557003,13.910439739413684,0.2692340005359417,random_forest_regressor
382.80047607421875,14.113450050354004,0.17226004600524902,xgboost_regressor
327.72706244824377,13.068622758411818,0.29134685028898,lightgbm_regressor
