f1_score,recall_score,precision_score,accuracy_score,model
0.6149126164160247,0.6288024388699779,0.6047182007085434,0.6325878594249201,mlp_classifier
0.6335545060408991,0.6556158345751782,0.62571054898013,0.6597444089456869,deep_mlp_classifier
0.6630308473101283,0.6648593736079806,0.6737610945348793,0.670926517571885,random_forest_classifier
0.6563181386100192,0.6627765047706382,0.6515482908287462,0.6661341853035144,xgboost_classifier
0.6874020802175349,0.6947297739395779,0.6839682891746446,0.6900958466453674,lightgbm_classifier
