f1_score,recall_score,precision_score,accuracy_score,model
0.5413109640298792,0.5171399920820949,0.5854201366557277,0.5928338762214984,mlp_classifier
0.5133321776496157,0.4874577732150683,0.565627171188969,0.5586319218241043,deep_mlp_classifier
0.5060196554018064,0.48369966454727914,0.6038930040111908,0.5781758957654723,random_forest_classifier
0.5122690051883599,0.48971912156256764,0.5735844420972345,0.5684039087947883,xgboost_classifier
0.5124349614522207,0.4859728541062492,0.6167253419537765,0.5830618892508144,lightgbm_classifier
