augmentation,accuracy_score,accuracy_score_mean,accuracy_score_std,f1_score,f1_score_mean,f1_score_std,precision_score,precision_score_mean,precision_score_std,recall_score,recall_score_mean,recall_score_std
borderline_smote_augmentation,0.9351535836177474,0.9351535836177474,0.008899935024167444,0.8001770117787068,0.8001770117787068,0.03460513377143644,0.8038836685784816,0.8038836685784816,0.027402686377116427,0.7982619927327201,0.7982619927327201,0.04421388384307109
kmeans_smote_augmentation,0.9317406143344711,0.9317406143344711,0.005710989942212099,0.7565254538945638,0.7565254538945638,0.031415149661155405,0.8154357150324458,0.8154357150324458,0.020574970222106224,0.7224493818816704,0.7224493818816704,0.04000450357577317
none_augmentation,0.9290102389078498,0.9290102389078498,0.005460750853242322,0.7755714509100026,0.7755714509100026,0.01778766361336058,0.7889494297376214,0.7889494297376214,0.01752242140631306,0.7647833932281005,0.7647833932281006,0.02351347901810815
none_no_class_weights,0.926962457337884,0.926962457337884,0.003480559394943867,0.7365893979978901,0.7365893979978901,0.026079356273362282,0.7971416594964273,0.7971416594964273,0.019652343381669494,0.7026105911085213,0.7026105911085213,0.03264918362535891
svm_smote_augmentation,0.9290102389078498,0.9290102389078498,0.0050160199510918225,0.7759833301803319,0.775983330180332,0.008985300516175201,0.790279178240285,0.790279178240285,0.021656981373679066,0.7646437591144866,0.7646437591144866,0.006840254759121876
