f1_score,recall_score,precision_score,accuracy_score,model
0.7556805362409803,0.7564516129032258,0.754920245398773,0.8420195439739414,mlp_classifier
0.770993179880648,0.7945852534562212,0.7548843700159489,0.8403908794788274,deep_mlp_classifier
0.7119523590686274,0.6861586570111916,0.7647705992509364,0.8403908794788274,random_forest_classifier
0.7971919894628242,0.7998847926267281,0.7946046015295316,0.8680781758957655,xgboost_classifier
0.7642892574460285,0.752567478604345,0.7787900808429467,0.8550488599348535,lightgbm_classifier
