augmentation,accuracy_score,accuracy_score_mean,accuracy_score_std,f1_score,f1_score_mean,f1_score_std,precision_score,precision_score_mean,precision_score_std,recall_score,recall_score_mean,recall_score_std
borderline_smote_augmentation,0.9303754266211604,0.9303754266211606,0.007960343883747839,0.7867338220465602,0.7867338220465603,0.028191398427726035,0.7894499778778219,0.7894499778778219,0.023053735274667097,0.7853608139237944,0.7853608139237944,0.0364805476454193
kmeans_smote_augmentation,0.922184300341297,0.922184300341297,0.003980171941873935,0.7589329471282522,0.7589329471282522,0.016117879764273372,0.7656880264996915,0.7656880264996916,0.011887611731119114,0.7546618153951093,0.7546618153951093,0.028153109149403853
none_augmentation,0.9276450511945391,0.9276450511945391,0.007901595155488217,0.7718440230757041,0.7718440230757041,0.020995036891104282,0.7851564989237996,0.7851564989237996,0.026916607327666337,0.7607079737180269,0.760707973718027,0.01797769610867244
svm_smote_augmentation,0.9262798634812286,0.9262798634812286,0.007960343883747875,0.7755480172390297,0.7755480172390297,0.01740802507625189,0.7792544852202292,0.7792544852202292,0.02583394083021178,0.7735520497199977,0.7735520497199977,0.017864960268385823
