augmentation,accuracy_score,accuracy_score_mean,accuracy_score_std,f1_score,f1_score_mean,f1_score_std,precision_score,precision_score_mean,precision_score_std,recall_score,recall_score_mean,recall_score_std
borderline_smote_augmentation,0.9242320819112628,0.9242320819112628,0.00255403234592077,0.7599908269615452,0.7599908269615453,0.02259689564176159,0.7738063692433288,0.7738063692433288,0.008878443575224484,0.7524618710899018,0.7524618710899018,0.039929427200051826
kmeans_smote_augmentation,0.9235494880546075,0.9235494880546076,0.014892439746942971,0.752879957704814,0.752879957704814,0.039101418637240856,0.775874446688743,0.7758744466887428,0.05150787764263203,0.7350070894127665,0.7350070894127665,0.031262877553003755
none_augmentation,0.9064846416382253,0.9064846416382253,0.00979706491085824,0.7700736123617219,0.7700736123617219,0.013101476040792268,0.735313359375473,0.735313359375473,0.019532005478475264,0.837036808385123,0.837036808385123,0.033629152503775156
none_no_class_weights,0.9276450511945391,0.9276450511945391,0.007901595155488217,0.7718440230757041,0.7718440230757041,0.020995036891104282,0.7851564989237996,0.7851564989237996,0.026916607327666337,0.7607079737180269,0.760707973718027,0.01797769610867244
svm_smote_augmentation,0.9249146757679181,0.9249146757679181,0.004826667448372331,0.7567562484124422,0.7567562484124422,0.01965856166432591,0.7777217481071651,0.7777217481071651,0.01872177501107229,0.7419899624216597,0.7419899624216597,0.030376830932285864
