f1_score,recall_score,precision_score,accuracy_score,model
0.5882244828984426,0.607451025013749,0.7263486073674753,0.5793871866295265,mlp_classifier
0.6236221971388055,0.6273810816821569,0.7113503802646766,0.6072423398328691,deep_mlp_classifier
0.5717103324264529,0.5918236814294162,0.724642042863657,0.5654596100278552,random_forest_classifier
0.5897968605724838,0.5962923310593561,0.7007998330783142,0.5766016713091922,xgboost_classifier
0.6121270464845031,0.6163926343137813,0.72476056252652,0.596100278551532,lightgbm_classifier
