mean_squared_error,mean_absolute_error,r2_score,model
120.5682144165039,7.730434417724609,0.6159510016441345,mlp_regressor
129.3331298828125,7.873533725738525,0.5880318880081177,deep_mlp_regressor
141.77164201277955,8.839185303514377,0.5484112114984878,random_forest_regressor
145.32797241210938,7.971885681152344,0.5370831489562988,xgboost_regressor
128.01877562592696,7.6051418851739685,0.5922185638144193,lightgbm_regressor
